G0994,Monday at 10 to 11
G0223,Monday at 12 to 14
Prefab 05,Monday at 14 to 15
G0481,Monday at 16 to 18
G0436,Monday at 16 to 18
G0481,Tuesday at 9 to 11
G0436,Tuesday at 9 to 11
G0470,Tuesday at 11 to 13
G0483,Tuesday at 11 to 13
G0379,Tuesday at 12 to 13
G0436,Tuesday at 14 to 16
G0436,Tuesday at 16 to 18
G0162,Wednesday at 9 to 10
G0938,Wednesday at 10 to 11
G0997,Wednesday at 13 to 14
G0994,Wednesday at 14 to 15
G0939,Wednesday at 15 to 16
G0995,Wednesday at 16 to 17
Prefab 18,Thursday at 9 to 11
Prefab 18,Thursday at 11 to 13
G0436,Thursday at 14 to 16
G0482,Friday at 9 to 11
G0208,Friday at 11 to 12